{
  "Category": [
    {
      "Id": 0,
      "ImagePath": "btn_1",
      "Name": "Pizza"
    },
    {
      "Id": 1,
      "ImagePath": "btn_2",
      "Name": "Burger"
    },
    {
      "Id": 2,
      "ImagePath": "btn_3",
      "Name": "Chicken"
    },
    {
      "Id": 3,
      "ImagePath": "btn_4",
      "Name": "Sushi"
    },
    {
      "Id": 4,
      "ImagePath": "btn_5",
      "Name": "Meat"
    },
    {
      "Id": 5,
      "ImagePath": "btn_6",
      "Name": "Hotdog"
    },
    {
      "Id": 6,
      "ImagePath": "btn_7",
      "Name": "Drink"
    },
    {
      "Id": 7,
      "ImagePath": "btn_8",
      "Name": "More"
    }
  ],
  "Foods": [
    {
      "BestFood": true,
      "CategoryId": 0,
      "Description": "A timeless classic, the Margherita pizza captures the essence of Italian simplicity. The thin, crispy crust is adorned with a luscious layer of fresh tomato sauce, delicate mozzarella cheese, and fragrant basil leaves. This pizza is a celebration of flavors in every bite, delivering a taste of Italy to your palate.",
      "Id": 0,
      "ImagePath": "https://firebasestorage.googleapis.com/v0/b/project162-foodapp.appspot.com/o/Margherita%20Flatbread.jpg?alt=media&token=d79daa6d-a9e2-4ba8-900d-271eca183705",
      "LocationId": 1,
      "Price": 10.99,
      "PriceId": 1,
      "Star": 4.5,
      "TimeId": 1,
      "TimeValue": 15,
      "Title": "Margherita"
    },
    {
      "BestFood": true,
      "CategoryId": 0,
      "Description": "Indulge in the Pepperoni Lovers pizza, a carnivore's dream come true. The crust is generously topped with zesty pepperoni slices, perfectly melding with the melted mozzarella and robust tomato sauce. Each mouthful is a symphony of savory and spicy notes, making it a go-to choice for those who savor the boldness of pepperoni.",
      "Id": 1,
      "ImagePath": "https://firebasestorage.googleapis.com/v0/b/project162-foodapp.appspot.com/o/Pepperoni%20Lovers.jpg?alt=media&token=d9d172ff-eb4b-4149-bcc5-5690994a0f1f",
      "LocationId": 1,
      "Price": 12.99,
      "PriceId": 1,
      "Star": 4.7,
      "TimeId": 1,
      "TimeValue": 18,
      "Title": "Pepperoni Lovers"
    },
    {
      "BestFood": false,
      "CategoryId": 0,
      "Description": "The Veggie Supreme pizza is a colorful masterpiece that caters to vegetarian cravings. Loaded with a medley of bell peppers, onions, olives, and mushrooms, this pizza offers a symphony of textures and tastes. The combination of fresh, vibrant vegetables atop a golden crust creates a delightful and satisfying experience.",
      "Id": 2,
      "ImagePath": "https://firebasestorage.googleapis.com/v0/b/project162-foodapp.appspot.com/o/Veggie%20Supreme.jpg?alt=media&token=cfddce97-575a-49af-b330-9299d0d9f776",
      "LocationId": 1,
      "Price": 11.99,
      "PriceId": 1,
      "Star": 4.5,
      "TimeId": 1,
      "TimeValue": 20,
      "Title": "Veggie Supreme"
    },
    {
      "BestFood": false,
      "CategoryId": 0,
      "Description": "Experience the smoky allure of the BBQ Chicken Delight pizza. Succulent pieces of BBQ-infused chicken are paired with the sweetness of red onions and the crunch of bell peppers. All of this is embraced by a delectable blend of cheeses, making every slice a journey into the world of bold barbecue flavors.",
      "Id": 3,
      "ImagePath": "https://firebasestorage.googleapis.com/v0/b/project162-foodapp.appspot.com/o/BBQ%20Chicken%20Delight.jpg?alt=media&token=5f42cf73-af4e-4e11-bb02-80a3ff2d136d",
      "LocationId": 1,
      "Price": 13.99,
      "PriceId": 1,
      "Star": 4.6,
      "TimeId": 1,
      "TimeValue": 22,
      "Title": "BBQ Chicken Delight"
    },
    {
      "BestFood": true,
      "CategoryId": 0,
      "Description": "Transport your taste buds to a tropical paradise with the Hawaiian pizza. This delightful creation features a harmonious blend of savory ham, juicy pineapple chunks, and a tantalizing drizzle of BBQ sauce. Each bite is a blissful combination of sweet and savory, capturing the essence of a Hawaiian escape.",
      "Id": 4,
      "ImagePath": "https://firebasestorage.googleapis.com/v0/b/project162-foodapp.appspot.com/o/Hawaiian%20Paradise.jpg?alt=media&token=ea25596d-f1ec-4219-9f03-4a8f3448b113",
      "LocationId": 0,
      "Price": 11.99,
      "PriceId": 1,
      "Star": 4.3,
      "TimeId": 1,
      "TimeValue": 17,
      "Title": "Hawaiian Paradise"
    },
    {
      "BestFood": false,
      "CategoryId": 0,
      "Description": "The Meat Feast pizza is a carnivore's extravaganza, boasting a tantalizing assortment of meats. From savory sausage to crispy bacon and zesty pepperoni, this pizza is a flavor-packed journey through the rich and hearty world of meaty goodness. Perfect for those who crave a protein-packed pizza experience.",
      "Id": 5,
      "ImagePath": "https://firebasestorage.googleapis.com/v0/b/project162-foodapp.appspot.com/o/Meat%20Feast%20pizza.jpg?alt=media&token=0bf024d4-4f26-4237-8479-1a346dc5c537",
      "LocationId": 1,
      "Price": 14.99,
      "PriceId": 1,
      "Star": 4.8,
      "TimeId": 2,
      "TimeValue": 35,
      "Title": "Meat Feast"
    },
    {
      "BestFood": false,
      "CategoryId": 0,
      "Description": "https://firebasestorage.googleapis.com/v0/b/fir-test-aa9c8.appspot.com/o/Mediterranean%20Joy.jpg?alt=media&token=d1fba67f-e182-4c77-8ec2-cb9b1f459605",
      "Id": 6,
      "ImagePath": "https://firebasestorage.googleapis.com/v0/b/project162-foodapp.appspot.com/o/Mediterranean%20Joy.jpg?alt=media&token=2855007a-925e-4d0d-9167-5a41dcb96065",
      "LocationId": 1,
      "Price": 12.99,
      "PriceId": 1,
      "Star": 4.5,
      "TimeId": 1,
      "TimeValue": 21,
      "Title": "Mediterranean Joy"
    },
    {
      "BestFood": false,
      "CategoryId": 0,
      "Description": "Cheese enthusiasts rejoice in the Four Cheese Delight pizza. A symphony of mozzarella, cheddar, parmesan, and feta cheeses come together to create a mouthwatering blend of cheesy perfection. Each bite is a celebration of indulgence for those who appreciate the rich and diverse world of cheeses.",
      "Id": 7,
      "ImagePath": "https://firebasestorage.googleapis.com/v0/b/project162-foodapp.appspot.com/o/Four%20Cheese%20Delight.jpg?alt=media&token=79e557b6-7419-4b81-a0f4-443a68651373",
      "LocationId": 0,
      "Price": 13.99,
      "PriceId": 1,
      "Star": 4.7,
      "TimeId": 1,
      "TimeValue": 23,
      "Title": "Four Cheese Delight"
    },
    {
      "BestFood": true,
      "CategoryId": 1,
      "Description": "Embrace the simplicity of the Classic Beef Burger, featuring a juicy beef patty nestled between a toasted sesame seed bun. Topped with crisp lettuce, ripe tomato, and a special sauce, it's a timeless rendition of the all-American burger.",
      "Id": 8,
      "ImagePath": "https://firebasestorage.googleapis.com/v0/b/project162-foodapp.appspot.com/o/Classic%20Beef%20Burger.jpg?alt=media&token=97db8d6d-8c0d-4d22-b13d-31714244eab3",
      "LocationId": 1,
      "Price": 8.99,
      "PriceId": 0,
      "Star": 4.5,
      "TimeId": 1,
      "TimeValue": 15,
      "Title": "Classic Beef Burger"
    },
    {
      "BestFood": true,
      "CategoryId": 1,
      "Description": "Heat things up with the Spicy Jalapeño Burger. A flame-kissed patty infused with jalapeños is crowned with pepper jack cheese and a zesty chipotle mayo, offering a tantalizing kick for those who crave a spicy burger adventure.",
      "Id": 9,
      "ImagePath": "https://firebasestorage.googleapis.com/v0/b/project162-foodapp.appspot.com/o/Spicy%20Jalape%C3%B1o%20Burger.jpg?alt=media&token=b6df636e-d2de-4ef5-8286-b0cb5ef2e3db",
      "LocationId": 1,
      "Price": 9.99,
      "PriceId": 0,
      "Star": 4.7,
      "TimeId": 1,
      "TimeValue": 18,
      "Title": "Spicy Jalapeño Burger"
    },
    {
      "BestFood": false,
      "CategoryId": 1,
      "Description": "Indulge in the earthy flavors of the Mushroom Swiss Delight Burger. A succulent patty is topped with sautéed mushrooms and a drizzle of truffle aioli, creating a burger that caters to the discerning palate.",
      "Id": 10,
      "ImagePath": "https://firebasestorage.googleapis.com/v0/b/project162-foodapp.appspot.com/o/Mushroom%20Swiss%20Delight.jpg?alt=media&token=548e3ab0-02ba-4e72-b708-e5bf7811857b",
      "LocationId": 0,
      "Price": 10.49,
      "PriceId": 1,
      "Star": 4.7,
      "TimeId": 1,
      "TimeValue": 18,
      "Title": "Mushroom Swiss Delight"
    },
    {
      "BestFood": false,
      "CategoryId": 1,
      "Description": "Opt for a healthier option with the Chicken Avocado Bliss Burger. A grilled chicken breast takes center stage, adorned with fresh avocado, crisp lettuce, and creamy ranch dressing on a wholesome whole wheat bun.",
      "Id": 11,
      "ImagePath": "https://firebasestorage.googleapis.com/v0/b/project162-foodapp.appspot.com/o/Chicken%20Avocado%20Bliss.jpg?alt=media&token=e444197e-b9af-4b2c-8790-9c7ab7089148",
      "LocationId": 1,
      "Price": 10.49,
      "PriceId": 1,
      "Star": 4.4,
      "TimeId": 1,
      "TimeValue": 20,
      "Title": "Chicken Avocado Bliss"
    },
    {
      "BestFood": false,
      "CategoryId": 1,
      "Description": "For bacon aficionados, the Bacon and Cheese Heaven Burger is a must-try. A beef patty is adorned with crispy bacon, cheddar cheese, and a tangy BBQ sauce, creating a heavenly combination of smoky and savory flavors.",
      "Id": 12,
      "ImagePath": "https://firebasestorage.googleapis.com/v0/b/project162-foodapp.appspot.com/o/Bacon%20and%20Cheese%20Heaven.jpg?alt=media&token=0a213036-6086-4b29-ad8d-b20ca3216717",
      "LocationId": 1,
      "Price": 11.99,
      "PriceId": 1,
      "Star": 4.3,
      "TimeId": 1,
      "TimeValue": 17,
      "Title": "Bacon and Cheese Heaven"
    },
    {
      "BestFood": false,
      "CategoryId": 1,
      "Description": "Experience a symphony of flavors with the Veggie Extravaganza Burger. A hearty veggie patty takes center stage, complemented by grilled vegetables, hummus, and tzatziki sauce, catering to those who prefer a vegetarian delight.",
      "Id": 13,
      "ImagePath": "https://firebasestorage.googleapis.com/v0/b/project162-foodapp.appspot.com/o/Veggie%20Extravaganza.jpg?alt=media&token=cffbe6fd-0c0b-4b9a-8ea4-996e0fc019f0",
      "LocationId": 0,
      "Price": 10.99,
      "PriceId": 1,
      "Star": 4.8,
      "TimeId": 2,
      "TimeValue": 35,
      "Title": "Veggie Extravaganza"
    },
    {
      "BestFood": false,
      "CategoryId": 1,
      "Description": "Transport your taste buds to the tropics with the Teriyaki Pineapple Pleasure Burger. Featuring teriyaki-glazed chicken or tofu, grilled pineapple, and green onions, it's a delightful fusion of sweet and savory flavors.",
      "Id": 14,
      "ImagePath": "https://firebasestorage.googleapis.com/v0/b/project162-foodapp.appspot.com/o/Teriyaki%20Pineapple%20Pleasure.jpg?alt=media&token=56cec393-7d88-431f-8258-7403d16fa24a",
      "LocationId": 1,
      "Price": 11.49,
      "PriceId": 1,
      "Star": 4.5,
      "TimeId": 1,
      "TimeValue": 21,
      "Title": "Teriyaki Pineapple Pleasure"
    },
    {
      "BestFood": false,
      "CategoryId": 1,
      "Description": "Experience a flavor explosion with the BBQ Ranch Delight Burger. A beef patty is joined by crispy bacon, cheddar cheese, BBQ ranch dressing, and crispy onions on a ciabatta bun, creating a symphony of bold and savory notes.",
      "Id": 15,
      "ImagePath": "https://firebasestorage.googleapis.com/v0/b/project162-foodapp.appspot.com/o/BBQ%20Ranch%20Delight.jpg?alt=media&token=11e77c82-36f1-432e-9093-5b71bc43c317",
      "LocationId": 0,
      "Price": 12.49,
      "PriceId": 1,
      "Star": 4.7,
      "TimeId": 1,
      "TimeValue": 23,
      "Title": "BBQ Ranch Delight"
    },
    {
      "BestFood": false,
      "CategoryId": 2,
      "Description": "Delight in the crispy perfection of our Original Crispy Chicken, seasoned to golden-brown perfection for a satisfying crunch in every bite.",
      "Id": 16,
      "ImagePath": "https://firebasestorage.googleapis.com/v0/b/project162-foodapp.appspot.com/o/Original%20Crispy%20Chicken.jpg?alt=media&token=b311a54c-684a-4f7c-8983-336d984fa9e7",
      "LocationId": 0,
      "Price": 9.99,
      "PriceId": 0,
      "Star": 4.7,
      "TimeId": 1,
      "TimeValue": 18,
      "Title": "Original Crispy Chicken"
    },
    {
      "BestFood": false,
      "CategoryId": 2,
      "Description": "Experience a burst of heat with our Spicy Buffalo Wings, tender chicken wings coated in a zesty buffalo sauce for a fiery kick.",
      "Id": 17,
      "ImagePath": "https://firebasestorage.googleapis.com/v0/b/project162-foodapp.appspot.com/o/Spicy%20Buffalo%20Wings.jpg?alt=media&token=1146da75-ae9e-42e8-9be8-931e3a558f7f",
      "LocationId": 0,
      "Price": 8.99,
      "PriceId": 0,
      "Star": 4.6,
      "TimeId": 1,
      "TimeValue": 18,
      "Title": "Spicy Buffalo Wings"
    },
    {
      "BestFood": false,
      "CategoryId": 2,
      "Description": "Indulge in the sweet and savory goodness of our Honey Mustard Glazed Tenders, featuring succulent chicken tenders coated in a luscious honey mustard glaze.",
      "Id": 18,
      "ImagePath": "https://firebasestorage.googleapis.com/v0/b/project162-foodapp.appspot.com/o/Honey%20Mustard%20Glazed%20Tenders.jpg?alt=media&token=73f17e69-33ff-4aa0-8a81-76500000f1c4",
      "LocationId": 1,
      "Price": 10.49,
      "PriceId": 1,
      "Star": 4.5,
      "TimeId": 0,
      "TimeValue": 9,
      "Title": "Honey Mustard Glazed Tenders"
    },
    {
      "BestFood": false,
      "CategoryId": 2,
      "Description": "Elevate your taste buds with our Lemon Pepper Chicken, crispy tenders seasoned with zesty lemon and aromatic black pepper for a refreshing flavor.",
      "Id": 19,
      "ImagePath": "https://firebasestorage.googleapis.com/v0/b/project162-foodapp.appspot.com/o/Lemon%20Pepper%20Chicken.jpg?alt=media&token=13eb02eb-93a8-40da-9dc6-105c2346a1aa",
      "LocationId": 0,
      "Price": 9.49,
      "PriceId": 0,
      "Star": 4.4,
      "TimeId": 1,
      "TimeValue": 16,
      "Title": "Lemon Pepper Chicken"
    },
    {
      "BestFood": false,
      "CategoryId": 2,
      "Description": "Embark on a flavorful journey with our Korean Fried Chicken, featuring a crispy exterior and a tantalizing sweet and spicy glaze.",
      "Id": 20,
      "ImagePath": "https://firebasestorage.googleapis.com/v0/b/project162-foodapp.appspot.com/o/Korean%20Fried%20Chicken.jpg?alt=media&token=0c524509-5697-4db6-aeb2-c986fc996467",
      "LocationId": 1,
      "Price": 11.99,
      "PriceId": 1,
      "Star": 4.8,
      "TimeId": 1,
      "TimeValue": 22,
      "Title": "Korean Fried Chicken"
    },
    {
      "BestFood": false,
      "CategoryId": 2,
      "Description": "Experience Southern comfort with our Southern-Style Chicken Biscuit, pairing a crispy chicken fillet with a warm, flaky biscuit.",
      "Id": 21,
      "ImagePath": "https://firebasestorage.googleapis.com/v0/b/project162-foodapp.appspot.com/o/Southern-Style%20Chicken%20Biscuit.jpg?alt=media&token=a63bfb8e-36ad-4371-b194-befb1521bce3",
      "LocationId": 0,
      "Price": 8.99,
      "PriceId": 0,
      "Star": 4.6,
      "TimeId": 1,
      "TimeValue": 12,
      "Title": "Southern-Style Chicken Biscuit"
    },
    {
      "BestFood": false,
      "CategoryId": 2,
      "Description": "Enjoy the fusion of flavors with our Teriyaki Chicken Wings, glazed in a luscious teriyaki sauce for a perfect blend of sweet and savory.",
      "Id": 22,
      "ImagePath": "https://firebasestorage.googleapis.com/v0/b/project162-foodapp.appspot.com/o/Teriyaki%20Chicken%20Wings.jpg?alt=media&token=6934d5cf-5a2e-4383-bb96-0eae2598c804",
      "LocationId": 0,
      "Price": 8.99,
      "PriceId": 0,
      "Star": 4.6,
      "TimeId": 1,
      "TimeValue": 17,
      "Title": "Teriyaki Chicken Wings"
    },
    {
      "BestFood": false,
      "CategoryId": 2,
      "Description": "Indulge in the rich and savory goodness of our Garlic Parmesan Chicken, featuring succulent chicken bites coated in a flavorful garlic and parmesan crust.",
      "Id": 23,
      "ImagePath": "https://firebasestorage.googleapis.com/v0/b/project162-foodapp.appspot.com/o/Garlic%20Parmesan%20Chicken.jpg?alt=media&token=9f143ea1-9c21-4a1f-b406-a29c610d8ca1",
      "LocationId": 0,
      "Price": 9.99,
      "PriceId": 0,
      "Star": 4.5,
      "TimeId": 1,
      "TimeValue": 19,
      "Title": "Garlic Parmesan Chicken"
    },
    {
      "BestFood": false,
      "CategoryId": 5,
      "Description": "Embrace tradition with the Classic Beef Hot Dog, a quintessential favorite featuring a succulent beef frankfurter topped with mustard and diced onions.",
      "Id": 24,
      "ImagePath": "https://firebasestorage.googleapis.com/v0/b/project162-foodapp.appspot.com/o/Classic%20Beef%20Hot%20Dog.jpg?alt=media&token=833e0dd3-d88f-493e-b442-58d2e8c17d9a",
      "LocationId": 0,
      "Price": 5.99,
      "PriceId": 0,
      "Star": 4.2,
      "TimeId": 0,
      "TimeValue": 9,
      "Title": "Classic Beef Hot Dog"
    },
    {
      "BestFood": false,
      "CategoryId": 5,
      "Description": "Indulge in comfort with the Chili Cheese Dog, a hearty delight boasting a beef hot dog smothered in rich chili, melted cheddar cheese, and diced onions.",
      "Id": 25,
      "ImagePath": "https://firebasestorage.googleapis.com/v0/b/project162-foodapp.appspot.com/o/Chili%20Cheese%20Dog.jpg?alt=media&token=f446830c-8d87-45c3-9f7f-9e48df8e241b",
      "LocationId": 0,
      "Price": 6.49,
      "PriceId": 0,
      "Star": 4.5,
      "TimeId": 1,
      "TimeValue": 12,
      "Title": "Chili Cheese Dog"
    },
    {
      "BestFood": false,
      "CategoryId": 5,
      "Description": "Enjoy a plant-based option with the Veggie Dog featuring sauerkraut, mustard, and a flavorful veggie frankfurter in a soft bun.",
      "Id": 26,
      "ImagePath": "https://firebasestorage.googleapis.com/v0/b/project162-foodapp.appspot.com/o/Veggie%20Dog%20with%20Sauerkraut.jpg?alt=media&token=b2f663df-6706-4937-bc2e-942437b16006",
      "LocationId": 0,
      "Price": 6.49,
      "PriceId": 0,
      "Star": 4.5,
      "TimeId": 1,
      "TimeValue": 12,
      "Title": "Veggie Dog with Sauerkraut"
    },
    {
      "BestFood": false,
      "CategoryId": 5,
      "Description": "Take a bite of Chicago with the Chicago Style Hot Dog, a beef frankfurter adorned with mustard, onions, sweet pickle relish, tomatoes, and a pickle spear.",
      "Id": 27,
      "ImagePath": "https://firebasestorage.googleapis.com/v0/b/project162-foodapp.appspot.com/o/Chicago%20Style%20Hot%20Dog.jpg?alt=media&token=fbc6cd42-46fc-460e-ab2d-064cab9e4a85",
      "LocationId": 1,
      "Price": 7.49,
      "PriceId": 0,
      "Star": 4.3,
      "TimeId": 1,
      "TimeValue": 15,
      "Title": "Chicago Style Hot Dog"
    },
    {
      "BestFood": false,
      "CategoryId": 5,
      "Description": "Elevate your hot dog experience with the Pretzel Bun Dog, featuring a beef frankfurter nestled in a soft pretzel bun.",
      "Id": 28,
      "ImagePath": "https://firebasestorage.googleapis.com/v0/b/project162-foodapp.appspot.com/o/Pretzel%20Bun%20Dog.jpg?alt=media&token=06f07486-d6cb-45c6-85f1-cc85be179672",
      "LocationId": 0,
      "Price": 6.99,
      "PriceId": 0,
      "Star": 4.4,
      "TimeId": 1,
      "TimeValue": 18,
      "Title": "Pretzel Bun Dog"
    },
    {
      "BestFood": false,
      "CategoryId": 5,
      "Description": "Embark on a tropical journey with the Hawaiian BBQ Dog, featuring a beef frankfurter topped with Hawaiian flavors, including pineapple and BBQ sauce.",
      "Id": 29,
      "ImagePath": "https://firebasestorage.googleapis.com/v0/b/project162-foodapp.appspot.com/o/Hawaiian%20BBQ%20Dog.jpg?alt=media&token=008f10c7-0b88-4c60-9667-3f915139bbd9",
      "LocationId": 1,
      "Price": 7.99,
      "PriceId": 0,
      "Star": 4.4,
      "TimeId": 1,
      "TimeValue": 17,
      "Title": "Hawaiian BBQ Dog"
    },
    {
      "BestFood": false,
      "CategoryId": 5,
      "Description": "Spice things up with the Kimchi Hot Dog, a fusion of flavors with a beef frankfurter topped with spicy kimchi.",
      "Id": 30,
      "ImagePath": "https://firebasestorage.googleapis.com/v0/b/project162-foodapp.appspot.com/o/Kimchi%20Hot%20Dog.jpg?alt=media&token=53a34d9e-be28-4a81-9b31-7c98dccbca7a",
      "LocationId": 0,
      "Price": 7.99,
      "PriceId": 0,
      "Star": 4.8,
      "TimeId": 1,
      "TimeValue": 20,
      "Title": "Kimchi Hot Dog"
    },
    {
      "BestFood": false,
      "CategoryId": 5,
      "Description": "Experience a twist on a classic with the Reuben Style Hot Dog, featuring a beef frankfurter topped with corned beef, sauerkraut, Swiss cheese, and Thousand Island dressing.",
      "Id": 31,
      "ImagePath": "https://firebasestorage.googleapis.com/v0/b/project162-foodapp.appspot.com/o/Reuben%20Style%20Hot%20Dog.jpg?alt=media&token=6afc13f3-1388-4290-a84b-e4b66914899a",
      "LocationId": 1,
      "Price": 25,
      "PriceId": 1,
      "Star": 4.7,
      "TimeId": 0,
      "TimeValue": 8,
      "Title": "Reuben Style Hot Dog"
    },
    {
      "BestFood": false,
      "CategoryId": 3,
      "Description": "Dive into the Classic California Roll, featuring crab, avocado, and cucumber wrapped in a sheet of nori.",
      "Id": 32,
      "ImagePath": "https://firebasestorage.googleapis.com/v0/b/project162-foodapp.appspot.com/o/California%20Roll.jpg?alt=media&token=66aa4c55-f599-43ea-a9d6-e478776f89b0",
      "LocationId": 0,
      "Price": 9.99,
      "PriceId": 0,
      "Star": 4.6,
      "TimeId": 1,
      "TimeValue": 20,
      "Title": "California Roll"
    },
    {
      "BestFood": false,
      "CategoryId": 3,
      "Description": "Heat things up with the Spicy Tuna Roll, a tantalizing blend of spicy tuna, cucumber, and fiery mayo.",
      "Id": 33,
      "ImagePath": "https://firebasestorage.googleapis.com/v0/b/project162-foodapp.appspot.com/o/Spicy%20Tuna%20Roll.jpg?alt=media&token=16f31ca9-616c-4654-bb60-04beeea53839",
      "LocationId": 1,
      "Price": 10.49,
      "PriceId": 1,
      "Star": 4.7,
      "TimeId": 1,
      "TimeValue": 22,
      "Title": "Spicy Tuna Roll"
    },
    {
      "BestFood": false,
      "CategoryId": 3,
      "Description": "Savor simplicity with our Salmon Nigiri, featuring succulent salmon slices atop seasoned rice.",
      "Id": 34,
      "ImagePath": "https://firebasestorage.googleapis.com/v0/b/project162-foodapp.appspot.com/o/Salmon%20Nigiri.jpg?alt=media&token=357ed6a9-741f-4d0e-8e94-c94583be002e",
      "LocationId": 0,
      "Price": 7.99,
      "PriceId": 0,
      "Star": 4.5,
      "TimeId": 1,
      "TimeValue": 18,
      "Title": "Salmon Nigiri"
    },
    {
      "BestFood": false,
      "CategoryId": 3,
      "Description": "Indulge in artistic presentation with the Dragon Roll, featuring eel, avocado, and cucumber topped with thinly sliced avocado.",
      "Id": 35,
      "ImagePath": "https://firebasestorage.googleapis.com/v0/b/project162-foodapp.appspot.com/o/Dragon%20Roll.jpg?alt=media&token=253901d1-571b-4002-9c30-7b70a5b9f475",
      "LocationId": 1,
      "Price": 12.99,
      "PriceId": 1,
      "Star": 4.9,
      "TimeId": 1,
      "TimeValue": 25,
      "Title": "Dragon Roll"
    },
    {
      "BestFood": false,
      "CategoryId": 3,
      "Description": "Enjoy a burst of colors and flavors with the Rainbow Roll, showcasing a variety of fresh vegetables and avocado atop a maki roll.",
      "Id": 36,
      "ImagePath": "https://firebasestorage.googleapis.com/v0/b/project162-foodapp.appspot.com/o/Rainbow%20Roll.jpg?alt=media&token=7c1a1e5e-8403-48bb-95b6-dbfce1999054",
      "LocationId": 1,
      "Price": 11.99,
      "PriceId": 1,
      "Star": 4.9,
      "TimeId": 2,
      "TimeValue": 30,
      "Title": "Rainbow Roll"
    },
    {
      "BestFood": false,
      "CategoryId": 3,
      "Description": "Experience the crispy goodness of our Tempura Shrimp Roll, featuring tempura shrimp, avocado, and cucumber wrapped in a cone of nori.",
      "Id": 37,
      "ImagePath": "https://firebasestorage.googleapis.com/v0/b/project162-foodapp.appspot.com/o/Tempura%20Shrimp%20Roll.jpg?alt=media&token=71151d53-b4b3-45fc-a092-8f4be2ab372c",
      "LocationId": 1,
      "Price": 11.99,
      "PriceId": 1,
      "Star": 4.9,
      "TimeId": 1,
      "TimeValue": 26,
      "Title": "Tempura Shrimp Roll"
    },
    {
      "BestFood": false,
      "CategoryId": 3,
      "Description": "Savor the freshness of our Veggie Roll, filled with a medley of crisp vegetables for a delightful vegetarian option.",
      "Id": 38,
      "ImagePath": "https://firebasestorage.googleapis.com/v0/b/project162-foodapp.appspot.com/o/Veggie%20Roll.jpg?alt=media&token=e9e4fd61-2f3c-45a3-b648-33d3ff89bac0",
      "LocationId": 0,
      "Price": 9.49,
      "PriceId": 0,
      "Star": 4.5,
      "TimeId": 1,
      "TimeValue": 21,
      "Title": "Veggie Roll"
    },
    {
      "BestFood": false,
      "CategoryId": 3,
      "Description": "Indulge in the purity of flavors with our Sashimi Platter, featuring an assortment of fresh and thinly sliced raw fish.",
      "Id": 39,
      "ImagePath": "https://firebasestorage.googleapis.com/v0/b/project162-foodapp.appspot.com/o/Sashimi%20Platter.jpg?alt=media&token=9af63e84-19ed-4c1b-ab07-b1332b0cfaaa",
      "LocationId": 1,
      "Price": 16.99,
      "PriceId": 1,
      "Star": 4.9,
      "TimeId": 2,
      "TimeValue": 35,
      "Title": "Sashimi Platter"
    },
    {
      "BestFood": false,
      "CategoryId": 4,
      "Description": " Savor the richness of our Grilled Ribeye Steak, a succulent and well-marbled cut, expertly grilled to perfection. Accompanied by a flavorful blend of herbs and spices, this dish promises a melt-in-your-mouth experience.",
      "Id": 40,
      "ImagePath": "https://firebasestorage.googleapis.com/v0/b/project162-foodapp.appspot.com/o/Grilled%20Ribeye%20Steak.jpg?alt=media&token=e04200a4-e8f3-4c40-8f18-001139d4fc34",
      "LocationId": 0,
      "Price": 34.99,
      "PriceId": 2,
      "Star": 4.6,
      "TimeId": 1,
      "TimeValue": 25,
      "Title": "Grilled Ribeye Steak"
    },
    {
      "BestFood": false,
      "CategoryId": 4,
      "Description": "Embark on a culinary journey with our Spicy Moroccan Lamb Chops, featuring tender lamb chops marinated in exotic spices and grilled to a spicy perfection. A bold and flavorful choice for lamb enthusiasts.",
      "Id": 41,
      "ImagePath": "https://firebasestorage.googleapis.com/v0/b/project162-foodapp.appspot.com/o/Spicy%20Moroccan%20Lamb%20Chops.jpg?alt=media&token=2970ec34-c9c3-484e-bd67-84ae2f843318",
      "LocationId": 1,
      "Price": 29.99,
      "PriceId": 1,
      "Star": 4.5,
      "TimeId": 2,
      "TimeValue": 35,
      "Title": "Spicy Moroccan Lamb Chops"
    },
    {
      "BestFood": false,
      "CategoryId": 4,
      "Description": "Dive into the smoky goodness of our Smoked BBQ Brisket, a slow-cooked masterpiece featuring tender brisket, seasoned with our signature barbecue rub, and smoked to perfection. A true barbecue delight.",
      "Id": 42,
      "ImagePath": "https://firebasestorage.googleapis.com/v0/b/project162-foodapp.appspot.com/o/Smoked%20BBQ%20Brisket.jpg?alt=media&token=2f426ea4-0bad-41b3-887c-16b55239f111",
      "LocationId": 0,
      "Price": 32.99,
      "PriceId": 2,
      "Star": 4.8,
      "TimeId": 2,
      "TimeValue": 60,
      "Title": "Smoked BBQ Brisket"
    },
    {
      "BestFood": false,
      "CategoryId": 4,
      "Description": " Indulge in the elegance of our Pan-Seared Garlic Butter Sirloin, a juicy sirloin steak pan-seared to perfection and topped with a luscious garlic butter sauce. A symphony of flavors for steak connoisseurs.",
      "Id": 43,
      "ImagePath": "https://firebasestorage.googleapis.com/v0/b/project162-foodapp.appspot.com/o/Pan-Seared%20Garlic%20Butter%20Sirloin.jpg?alt=media&token=5c278f44-54d7-4d9f-acc7-aefbe83abf3b",
      "LocationId": 1,
      "Price": 26.99,
      "PriceId": 1,
      "Star": 4.7,
      "TimeId": 1,
      "TimeValue": 23,
      "Title": "Pan-Seared Garlic Butter Sirloin"
    },
    {
      "BestFood": false,
      "CategoryId": 4,
      "Description": " Experience the sweet and savory fusion of our Teriyaki Glazed Chicken Thighs, featuring succulent chicken thighs marinated in a flavorful teriyaki sauce and grilled to perfection. A delightful Asian-inspired choice.",
      "Id": 44,
      "ImagePath": "https://firebasestorage.googleapis.com/v0/b/project162-foodapp.appspot.com/o/Teriyaki%20Glazed%20Chicken%20Thighs.jpg?alt=media&token=6028886a-5d01-4cc6-9812-495c4f7881f7",
      "LocationId": 1,
      "Price": 18.99,
      "PriceId": 1,
      "Star": 4.6,
      "TimeId": 2,
      "TimeValue": 30,
      "Title": "Teriyaki Glazed Chicken Thighs"
    },
    {
      "BestFood": false,
      "CategoryId": 4,
      "Description": "Elevate your dining experience with our Bacon-Wrapped Filet Mignon, a premium cut of beef tenderloin wrapped in savory bacon, cooked to your desired level of doneness. A true indulgence for steak enthusiasts.",
      "Id": 45,
      "ImagePath": "https://firebasestorage.googleapis.com/v0/b/project162-foodapp.appspot.com/o/Bacon-Wrapped%20Filet%20Mignon.jpg?alt=media&token=0dbe5ca9-e0ec-469b-aa7a-cfa081208f68",
      "LocationId": 0,
      "Price": 36.99,
      "PriceId": 2,
      "Star": 5,
      "TimeId": 1,
      "TimeValue": 20,
      "Title": "Bacon-Wrapped Filet Mignon"
    },
    {
      "BestFood": false,
      "CategoryId": 4,
      "Description": "Immerse yourself in the bold flavors of our Korean BBQ Short Ribs, featuring marinated short ribs grilled to perfection, delivering a delightful combination of sweetness and savory goodness.",
      "Id": 46,
      "ImagePath": "https://firebasestorage.googleapis.com/v0/b/project162-foodapp.appspot.com/o/Korean%20BBQ%20Short%20Ribs.jpg?alt=media&token=d3a06162-0b6e-4d2f-a7bb-fc27598a1ee5",
      "LocationId": 1,
      "Price": 22.99,
      "PriceId": 1,
      "Star": 4.4,
      "TimeId": 2,
      "TimeValue": 40,
      "Title": "Korean BBQ Short Ribs"
    },
    {
      "BestFood": false,
      "CategoryId": 4,
      "Description": "Delight in our Stuffed Bell Peppers with Ground Turkey, a wholesome dish featuring bell peppers filled with a flavorful blend of ground turkey, herbs, and spices, baked to perfection.",
      "Id": 47,
      "ImagePath": "https://firebasestorage.googleapis.com/v0/b/project162-foodapp.appspot.com/o/Stuffed%20Bell%20Peppers%20with%20Ground%20Turkey.jpg?alt=media&token=6d92812c-cf6a-4d91-b4e1-8d6f9519641b",
      "LocationId": 0,
      "Price": 16.99,
      "PriceId": 1,
      "Star": 4.3,
      "TimeId": 2,
      "TimeValue": 45,
      "Title": "Stuffed Bell Peppers with Ground Turkey"
    },
    {
      "BestFood": false,
      "CategoryId": 6,
      "Description": "Refresh with our Fresh Orange Juice, a zesty and invigorating drink squeezed from the finest oranges.",
      "Id": 48,
      "ImagePath": "https://firebasestorage.googleapis.com/v0/b/project162-foodapp.appspot.com/o/Fresh%20Orange%20Juice.jpg?alt=media&token=cf8baceb-ba9e-479e-8759-2eb7aed05876",
      "LocationId": 0,
      "Price": 3.99,
      "PriceId": 0,
      "Star": 4.6,
      "TimeId": 0,
      "TimeValue": 5,
      "Title": "Fresh Orange Juice"
    },
    {
      "BestFood": false,
      "CategoryId": 6,
      "Description": "Indulge in the Berry Blast Smoothie, a refreshing blend of mixed berries and yogurt for a fruity and nutritious treat.",
      "Id": 49,
      "ImagePath": "https://firebasestorage.googleapis.com/v0/b/project162-foodapp.appspot.com/o/Berry%20Blast%20Smoothie.jpg?alt=media&token=e5b843ad-dfda-434a-bc5f-5dc1f3ebfc19",
      "LocationId": 0,
      "Price": 4.49,
      "PriceId": 0,
      "Star": 4.8,
      "TimeId": 0,
      "TimeValue": 7,
      "Title": "Berry Blast Smoothie"
    },
    {
      "BestFood": false,
      "CategoryId": 6,
      "Description": "Savor the Iced Caramel Macchiato, a sweet and energizing coffee delight made with espresso, caramel syrup, milk, and ice.",
      "Id": 50,
      "ImagePath": "https://firebasestorage.googleapis.com/v0/b/project162-foodapp.appspot.com/o/Iced%20Caramel%20Macchiato.jpg?alt=media&token=ce379ec0-24bf-4786-8475-9305b8750f27",
      "LocationId": 0,
      "Price": 4.99,
      "PriceId": 0,
      "Star": 4.5,
      "TimeId": 0,
      "TimeValue": 3,
      "Title": "Iced Caramel Macchiato"
    },
    {
      "BestFood": false,
      "CategoryId": 6,
      "Description": "Quench your thirst with the Mint Lemonade, a cool and tangy beverage perfect for a hot day.",
      "Id": 51,
      "ImagePath": "https://firebasestorage.googleapis.com/v0/b/project162-foodapp.appspot.com/o/Mint%20Lemonade.jpg?alt=media&token=02335c99-49eb-421a-978a-586eb4f1aead",
      "LocationId": 0,
      "Price": 3.99,
      "PriceId": 0,
      "Star": 4.4,
      "TimeId": 0,
      "TimeValue": 4,
      "Title": "Mint Lemonade"
    },
    {
      "BestFood": false,
      "CategoryId": 6,
      "Description": "Beat the heat with the Mango Tango Slush, a tropical delight offering a slushy blend of mango goodness.",
      "Id": 52,
      "ImagePath": "https://firebasestorage.googleapis.com/v0/b/project162-foodapp.appspot.com/o/Mango%20Tango%20Slush.jpg?alt=media&token=b1384665-539c-46ad-b3ca-9b6640b5e02f",
      "LocationId": 0,
      "Price": 4.99,
      "PriceId": 0,
      "Star": 4.7,
      "TimeId": 0,
      "TimeValue": 6,
      "Title": "Mango Tango Slush"
    },
    {
      "BestFood": false,
      "CategoryId": 6,
      "Description": "Enjoy the soothing Green Tea Latte, a comforting blend of matcha and steamed milk for a touch of elegance.",
      "Id": 53,
      "ImagePath": "https://firebasestorage.googleapis.com/v0/b/project162-foodapp.appspot.com/o/Green%20Tea%20Latte.jpg?alt=media&token=d688a418-4cd2-4feb-a977-74f43657cc17",
      "LocationId": 0,
      "Price": 4.49,
      "PriceId": 0,
      "Star": 4.5,
      "TimeId": 0,
      "TimeValue": 8,
      "Title": "Green Tea Latte"
    },
    {
      "BestFood": false,
      "CategoryId": 6,
      "Description": "Hydrate naturally with Coconut Water, a refreshing and electrolyte-packed beverage straight from the coconut.",
      "Id": 54,
      "ImagePath": "https://firebasestorage.googleapis.com/v0/b/project162-foodapp.appspot.com/o/Coconut%20Water.jpg?alt=media&token=49cccb7a-a991-4639-b8cd-110d177bcd63",
      "LocationId": 0,
      "Price": 2.99,
      "PriceId": 0,
      "Star": 4.3,
      "TimeId": 0,
      "TimeValue": 2,
      "Title": "Coconut Water"
    },
    {
      "BestFood": false,
      "CategoryId": 6,
      "Description": "Indulge in the sophisticated Espresso Martini, a luxurious cocktail blending espresso, vodka, and coffee liqueur.",
      "Id": 55,
      "ImagePath": "https://firebasestorage.googleapis.com/v0/b/project162-foodapp.appspot.com/o/Espresso%20Martini.jpg?alt=media&token=5b772672-e789-4141-a09e-509ea2847410",
      "LocationId": 0,
      "Price": 7.99,
      "PriceId": 0,
      "Star": 4.9,
      "TimeId": 0,
      "TimeValue": 10,
      "Title": "Espresso Martini"
    },
    {
      "BestFood": false,
      "CategoryId": 7,
      "Description": "Indulge in the classic Italian comfort of Pasta Carbonara, featuring al dente spaghetti tossed in a creamy sauce with pancetta, Parmesan cheese, and black pepper.",
      "Id": 56,
      "ImagePath": "https://firebasestorage.googleapis.com/v0/b/project162-foodapp.appspot.com/o/Pasta%20Carbonara.jpg?alt=media&token=e7732efa-64a4-4f95-ba81-1a33a49becb6",
      "LocationId": 1,
      "Price": 12.99,
      "PriceId": 1,
      "Star": 4.7,
      "TimeId": 1,
      "TimeValue": 22,
      "Title": "Pasta Carbonara"
    },
    {
      "BestFood": false,
      "CategoryId": 7,
      "Description": "Experience the bold and aromatic flavors of Thai cuisine with our Thai Red Curry, a tantalizing dish with tender chicken or tofu, vegetables, and a rich red curry sauce.",
      "Id": 57,
      "ImagePath": "https://firebasestorage.googleapis.com/v0/b/project162-foodapp.appspot.com/o/Thai%20Red%20Curry.jpg?alt=media&token=252a7b48-e636-4f8f-878b-7fd7c02cb9df",
      "LocationId": 1,
      "Price": 13.49,
      "PriceId": 1,
      "Star": 4.8,
      "TimeId": 2,
      "TimeValue": 25,
      "Title": "Thai Red Curry"
    },
    {
      "BestFood": false,
      "CategoryId": 7,
      "Description": "Savor the vibrant and flavorful Vegetarian Pad Thai, a stir-fried noodle dish with tofu, bean sprouts, peanuts, and lime for a perfect balance of sweet, sour, and savory.",
      "Id": 58,
      "ImagePath": "https://firebasestorage.googleapis.com/v0/b/project162-foodapp.appspot.com/o/Vegetarian%20Pad%20Thai.jpg?alt=media&token=af91cdb8-e6dd-4fbd-b7ed-804033f5c145",
      "LocationId": 1,
      "Price": 13.49,
      "PriceId": 1,
      "Star": 4.8,
      "TimeId": 1,
      "TimeValue": 25,
      "Title": "Vegetarian Pad Thai"
    },
    {
      "BestFood": false,
      "CategoryId": 7,
      "Description": "Delight in a gourmet experience with our Spinach and Feta Stuffed Chicken, featuring succulent chicken breasts stuffed with a blend of spinach, feta cheese, and herbs.",
      "Id": 59,
      "ImagePath": "https://firebasestorage.googleapis.com/v0/b/project162-foodapp.appspot.com/o/Spinach%20and%20Feta%20Stuffed%20Chicken.jpg?alt=media&token=7c88332d-ed4d-487e-8ba0-2b3f699b1976",
      "LocationId": 1,
      "Price": 14.99,
      "PriceId": 1,
      "Star": 4.9,
      "TimeId": 2,
      "TimeValue": 30,
      "Title": "Spinach and Feta Stuffed Chicken"
    },
    {
      "BestFood": false,
      "CategoryId": 7,
      "Description": "Enjoy the savory goodness of our Beef Stir-Fry with Broccoli, a quick and delicious dish featuring tender beef strips, crisp broccoli, and a flavorful stir-fry sauce.",
      "Id": 60,
      "ImagePath": "https://firebasestorage.googleapis.com/v0/b/project162-foodapp.appspot.com/o/Beef%20Stir-Fry%20with%20Broccoli.jpg?alt=media&token=70d3e921-c03e-4022-abaf-b606cca00c8e",
      "LocationId": 1,
      "Price": 13.99,
      "PriceId": 1,
      "Star": 4.7,
      "TimeId": 2,
      "TimeValue": 32,
      "Title": "Beef Stir-Fry with Broccoli"
    },
    {
      "BestFood": false,
      "CategoryId": 7,
      "Description": "Experience the simplicity of the Margherita Flatbread, featuring a thin and crispy crust topped with fresh tomatoes, mozzarella cheese, and basil for a taste of Italy.",
      "Id": 61,
      "ImagePath": "https://firebasestorage.googleapis.com/v0/b/project162-foodapp.appspot.com/o/Margherita%20Flatbread.jpg?alt=media&token=d79daa6d-a9e2-4ba8-900d-271eca183705",
      "LocationId": 1,
      "Price": 10.99,
      "PriceId": 1,
      "Star": 4.5,
      "TimeId": 1,
      "TimeValue": 18,
      "Title": "Margherita Flatbread"
    },
    {
      "BestFood": false,
      "CategoryId": 7,
      "Description": "Embrace a nutritious and satisfying option with our Quinoa Salad Bowl, featuring a colorful medley of quinoa, mixed greens, vegetables, and a zesty vinaigrette dressing.",
      "Id": 62,
      "ImagePath": "https://firebasestorage.googleapis.com/v0/b/project162-foodapp.appspot.com/o/Quinoa%20Salad%20Bowl.jpg?alt=media&token=7a5f0160-c75d-4114-890f-0a4f43e4888c",
      "LocationId": 0,
      "Price": 9.99,
      "PriceId": 0,
      "Star": 4.4,
      "TimeId": 1,
      "TimeValue": 11,
      "Title": "Quinoa Salad Bowl"
    },
    {
      "BestFood": false,
      "CategoryId": 7,
      "Description": "Indulge in the delightful flavors of Shrimp Scampi, featuring plump shrimp sautéed in a garlic-infused butter and white wine sauce, served over a bed of pasta.",
      "Id": 63,
      "ImagePath": "https://firebasestorage.googleapis.com/v0/b/project162-foodapp.appspot.com/o/Shrimp%20Scampi.jpg?alt=media&token=ca069ef6-70b4-4072-ba5a-864ccf14097c",
      "LocationId": 1,
      "Price": 16.99,
      "PriceId": 1,
      "Star": 4.8,
      "TimeId": 2,
      "TimeValue": 32,
      "Title": "Shrimp Scampi"
    }
  ],
  "Location": [
    {
      "Id": 0,
      "loc": "LA california"
    },
    {
      "Id": 1,
      "loc": "NY manhattan"
    }
  ],
  "Price": [
    {
      "Id": 0,
      "Value": "1$ - 10$"
    },
    {
      "Id": 1,
      "Value": "10$ - 30$"
    },
    {
      "Id": 2,
      "Value": "more than 30$"
    }
  ],
  "Time": [
    {
      "Id": 0,
      "Value": "0 - 10 min"
    },
    {
      "Id": 1,
      "Value": "10 - 30 min"
    },
    {
      "Id": 2,
      "Value": "more than 30 min"
    }
  ]
}
